name	act	location	image
Rhys Crimmin	musician	melbourne	https://d3jbv7yugrz52w.cloudfront.net/bdc78689d25d44ddbe9b7afaef939e9d32172ba3_M.jpg
Poet Theatre	others	melbourne	https://d3jbv7yugrz52w.cloudfront.net/c1ccc88eb1701a2ba194820abaa1b0a08d122519_M.jpg
Aerial Manx	juggler	melbourne	https://d3jbv7yugrz52w.cloudfront.net/671ca3b7b04e81d823742fb844a0ab086d421e7e_M.jpg
Tailor Birds	artist	melbourne	https://d3jbv7yugrz52w.cloudfront.net/a0645bbc50cf295868ab5154f5b5961bbe7b64c5_M.jpg
Anthony Sandry	musician	melbourne	https://d3jbv7yugrz52w.cloudfront.net/22e65ca44e6128be9b67450614ab2eb9cb4c80c2_M.jpg
Ben Whiting	musician	melbourne	https://d3jbv7yugrz52w.cloudfront.net/d9fcca15de897ea2247deb766c0b32175ed67416_M.jpg
Jordan Doust	magician	melbourne	https://graph.facebook.com/10207110773063887/picture?width=250&amp;height=250
Daniel Oldaker	clown	melbourne	https://d3jbv7yugrz52w.cloudfront.net/ad754cffb03da7b6859b14b97c553ffec91bfe2f_M.jpg
The Gargoyle	statue	melbourne	https://d3jbv7yugrz52w.cloudfront.net/Gargoyle+over+city.small__M.jpeg
Martin Schnurrbart	musician	melbourne	https://d3jbv7yugrz52w.cloudfront.net/7bc28928d575257af3c05fd28d1d84d7cc17e37e_M.jpg
Dana Crowe	musician	melbourne	https://graph.facebook.com/10156912571205497/picture?width=250&amp;height=250
Josh Thompson	musician	melbourne	https://d3jbv7yugrz52w.cloudfront.net/10410213_674618095926782_5042548888370073850_n_M.jpg
Late Shift               	musician	melbourne	https://d3jbv7yugrz52w.cloudfront.net/641d7265dc72201515960716cc01d3c18cdeaa01_M.png
Linda by Lesley	musician	melbourne	https://d3jbv7yugrz52w.cloudfront.net/1ed1eb1a6cd089cc154420c7a01943365da03d74_M.png
Nathan George	musician	melbourne	https://d3jbv7yugrz52w.cloudfront.net/270592a5ea3f44ca6ee1ff4355f3bfe88eb4995f_M.jpg
Antonio Signorelli	musician	melbourne	https://d3jbv7yugrz52w.cloudfront.net/dfec3dea4ac9781f0bd9598c6193f89ff3da1d3d_M.jpg
Dub FX	musician	melbourne	https://d3jbv7yugrz52w.cloudfront.net/dub-fx-thumb_M.jpg
Ukulele Ewie	musician	melbourne	https://d3jbv7yugrz52w.cloudfront.net/3b2012311aa6f1fa682c367265789b8dbe88b9ee_M.jpg
The Wanton Shillelag	musician	melbourne	https://d3jbv7yugrz52w.cloudfront.net/170484a9c16c410247d78b60a9e48666cff0cb3d_M.jpg
The Rapatar	musician	melbourne	https://d3jbv7yugrz52w.cloudfront.net/9bbc471f8c1798531eecff3c59bfcfc753c1add8_M.jpg
Nigel Ashcroft	musician	melbourne	https://d3jbv7yugrz52w.cloudfront.net/afa3e70c86c2bd90e1d13777098d5edbb8585ac9_M.jpg
Flow Of Contact	juggler	melbourne	https://d3jbv7yugrz52w.cloudfront.net/3105421078_b5ccd6fb82_M.jpg
The Pierce Brothers 	musician	melbourne	https://d3jbv7yugrz52w.cloudfront.net/The+Pierce+Brothers_M.jpg
Joshua Herbst Jacobz	musician	melbourne	https://d3jbv7yugrz52w.cloudfront.net/255fb8f506d404120b15d837f5f30130ef625fd1_M.jpg
Helly Hoops	circus	melbourne	https://d3jbv7yugrz52w.cloudfront.net/d6c0ab3489b606314360ff48524c5aae6ad52c5f_M.jpg
Blunderbuss Jones	circus	melbourne	https://d3jbv7yugrz52w.cloudfront.net/fa11b8828905c9fa9e51d51b3db3dcdaad2a44fa_M.jpg
Peter Davis	musician	melbourne	https://d3jbv7yugrz52w.cloudfront.net/f1_M.png
Tristan Hudson	musician	melbourne	https://d3jbv7yugrz52w.cloudfront.net/b9492a665e7338371d1c87ed6fd88c106310a320_M.jpg
Tarah	musician	melbourne	https://d3jbv7yugrz52w.cloudfront.net/d43d9c0d4b9b14fbb0db59636a80fc2580e01dd9_M.jpg
